date,all_oi_usd,btc_oi_usd,eth_oi_usd,others_oi_usd,btc_pct,eth_pct,others_pct,market_count,unverified_checksums,max_stale_minutes
2021-12-01,15739786128.25,5977382545.46,2886316657.82,6876086924.97,37.97626281,18.33771205,43.68602514,184,0,4.98
2021-12-02,15581053750.49,5857635268.21,2818039352.5,6905379129.77,37.59460279,18.08632072,44.31907649,186,0,4.98
2021-12-03,14844409729.98,5737746953.2,2654427610.43,6452235166.35,38.65257735,17.88166494,43.46575771,186,0,4.98
2021-12-04,9856769307.63,3653275762.0,2117447504.45,4086046041.17,37.06362245,21.48216559,41.45421196,183,0,4.98
2021-12-05,9406759814.48,3573951302.94,1994600631.1,3838207880.44,37.99343635,21.2039073,40.80265635,186,0,4.98
2021-12-06,9552190848.61,3483356211.53,2075695690.67,3993138946.41,36.46656842,21.73004836,41.80338322,186,0,4.98
2021-12-07,9672041099.97,3551722074.64,2051387760.7,4068931264.63,36.72153621,21.20946075,42.06900304,187,0,4.98
2021-12-08,9999652825.72,3524440669.7,2163351132.06,4311861023.95,35.24563033,21.63426241,43.12010726,187,0,4.98
2021-12-09,9784493545.88,3569290605.8,2119412976.73,4095789963.35,36.4790532,21.66093694,41.86000986,187,0,4.98
2021-12-10,9254851745.12,3403871508.63,2011321492.56,3839658743.93,36.77931967,21.7326171,41.48806323,187,0,4.98
2021-12-11,9719913653.99,3556394219.27,2075297597.82,4088221836.9,36.58874292,21.350988,42.06026908,188,0,4.98
2021-12-12,10061890032.75,3747400852.05,2166234846.95,4148254333.76,37.24350833,21.52910477,41.2273869,187,0,4.98
2021-12-13,9484122153.67,3604375893.94,2074796434.87,3804949824.85,38.00431748,21.87652585,40.11915666,187,0,4.98
2021-12-14,9615974766.67,3671098309.57,2054600233.74,3890276223.36,38.17707927,21.36653104,40.45638968,186,0,4.98
2021-12-15,9893132213.66,3754967782.4,2134906697.26,4003257734.0,37.95529769,21.57968428,40.46501803,189,0,4.98
2021-12-16,10080830418.56,3905769775.61,2172145895.07,4002914747.88,38.74452415,21.54729129,39.70818456,188,0,4.98
2021-12-17,10036846266.71,3971982851.78,2062089525.45,4002773889.47,39.57401305,20.54519389,39.88079306,189,0,4.98
2021-12-18,10427611106.11,4101626918.59,2121860162.72,4204124024.8,39.33429121,20.3484781,40.31723069,188,0,4.98
2021-12-19,10474765073.11,4207079826.62,2120628033.36,4147057213.13,40.16395401,20.24511307,39.59093292,189,0,4.98
2021-12-20,10792683333.04,4498306708.02,2180238976.13,4114137648.9,41.67922443,20.20108354,38.11969204,189,0,4.98
2021-12-21,11871191876.53,5125179791.52,2333951361.63,4412060723.38,43.17325375,19.66063211,37.16611415,188,0,4.98
2021-12-22,11997180924.74,5209830903.01,2253627618.02,4533722403.71,43.42545916,18.78464309,37.78989774,187,0,4.98
2021-12-23,13042406624.85,5479790111.21,2548062997.74,5014553515.9,42.0151761,19.53675476,38.44806913,192,0,4.98
2021-12-24,12902884819.34,5372280355.87,2644106757.23,4886497706.24,41.63627306,20.49236891,37.87135803,193,0,4.98
2021-12-25,13250450828.56,5404480474.64,2803462025.55,5042508328.37,40.78714411,21.15748409,38.0553718,192,0,4.98
2021-12-26,13285967034.7,5345119709.99,2720974797.03,5219872527.67,40.23131847,20.48006585,39.28861568,191,0,4.98
2021-12-27,13336242955.02,5390819119.69,2774110284.64,5171313550.69,40.42232237,20.80128784,38.77638978,194,0,4.98
2021-12-28,12238706317.62,4932248894.53,2727541068.14,4578916354.95,40.30041057,22.28618775,37.41340168,193,0,4.98
2021-12-29,12039684445.27,4999439282.25,2607624263.04,4432620899.99,41.52467039,21.65857648,36.81675313,195,0,4.98
2021-12-30,12170718960.96,5013128652.58,2591472565.99,4566117742.39,41.19007816,21.29268266,37.51723918,196,0,564.98
2021-12-31,12258091170.74,5104854019.71,2618920019.19,4534317131.83,41.64477119,21.36482738,36.99040143,204,0,1154.98
2022-01-01,12437221810.31,5062323388.8,2596637098.67,4778261322.84,40.703008,20.87795119,38.41904081,192,0,4.98
2022-01-02,12504394804.15,5081215591.66,2624003563.29,4799175649.2,40.63543795,20.98465063,38.37991142,191,0,4.98
2022-01-03,12936077534.74,5368854055.5,2608585211.53,4958638267.72,41.50295204,20.16519462,38.33185333,192,0,4.98
2022-01-04,12890421146.96,5390137128.86,2647417750.9,4852866267.2,41.81505839,20.53786855,37.64707306,191,0,4.98
2022-01-05,11875025630.79,5048726555.86,2542067238.27,4284231836.66,42.51550028,21.4068358,36.07766391,191,0,4.98
2022-01-06,11912481092.31,5065574605.7,2471838867.21,4375067619.4,42.52325411,20.74999195,36.72675394,193,0,4.98
2022-01-07,11236644352.96,4758064031.35,2325226622.48,4153353699.13,42.34417217,20.69324746,36.96258036,193,0,4.98
2022-01-08,11036234035.26,4773267956.22,2255628026.01,4007338053.03,43.25087653,20.43838522,36.31073825,194,0,4.98
2022-01-09,11086510503.69,4780228799.1,2256290095.48,4049991609.11,43.11752375,20.35167057,36.53080568,193,0,4.98
2022-01-10,11024068415.44,4815200944.38,2214044895.37,3994822575.7,43.67898278,20.08373689,36.23728033,193,0,594.98
2022-01-11,11467675696.8,4938993798.48,2271419707.21,4257262191.11,43.06883042,19.80714983,37.12401975,194,0,4.98
2022-01-12,11946590458.32,5054515087.05,2316084526.33,4575990844.94,42.30926895,19.38699192,38.30373914,195,0,4.98
2022-01-13,11587324450.9,4898129326.79,2206548998.42,4482646125.69,42.27144366,19.04278255,38.68577379,194,0,4.98
2022-01-14,11677675556.2,4852300471.71,2213106737.47,4612268347.01,41.5519377,18.95160323,39.49645908,193,0,1314.98
2022-01-15,11884408269.08,4877146194.32,2285674244.56,4721587830.2,41.03819125,19.23254564,39.72926311,193,0,4.98
2022-01-16,11878464526.75,4767333639.55,2259174785.22,4851956101.98,40.13425834,19.01908096,40.8466607,194,0,4.98
2022-01-17,11752844499.86,4802186174.26,2223002407.34,4727655918.27,40.85977802,18.91459048,40.22563149,194,0,4.98
2022-01-18,11670191295.3,4797659791.43,2225733916.35,4646797587.52,41.11037831,19.07195743,39.81766425,194,0,4.98
2022-01-19,11395104971.82,4805901333.17,2193796962.96,4395406675.69,42.17513876,19.25209964,38.57276161,194,1,4.98
2022-01-20,11067911717.0,4741774869.58,2147765432.3,4178371415.11,42.8425433,19.40533578,37.75212092,192,0,4.98
2022-01-21,9470650337.71,4135993215.22,1805795178.81,3528861943.68,43.67169168,19.06727748,37.26103085,195,0,4.98
2022-01-22,8751237629.65,3959025394.88,1729287536.66,3062924698.12,45.23960567,19.76049114,34.99990319,195,0,4.98
2022-01-23,8990021888.54,4082133669.67,1710877398.3,3197010820.56,45.40738299,19.03084797,35.56176904,194,0,4.98
2022-01-24,8966215831.43,4051813687.59,1761087873.05,3153314270.79,45.18978534,19.64137275,35.16884191,194,0,4.98
2022-01-25,9099538555.53,4147955721.02,1732426635.65,3219156198.86,45.58424249,19.03862075,35.37713675,195,0,4.98
2022-01-26,8933790138.04,4059223520.58,1749008488.59,3125558128.87,45.43674586,19.57745214,34.985802,195,0,4.98
2022-01-27,8902862403.6,4028449929.09,1716384161.56,3158028312.94,45.24892946,19.27901481,35.47205573,195,0,4.98
2022-01-28,9311284853.74,4178102972.56,1840342875.86,3292839005.33,44.87139034,19.76465015,35.36395951,196,0,4.98
2022-01-29,9428707813.15,4281589788.47,1755930401.05,3391187623.63,45.41014393,18.62323487,35.9666212,195,0,4.98
2022-01-30,9228464930.53,4287860355.25,1606390180.9,3334214394.39,46.4634193,17.40690562,36.12967508,194,0,4.98
2022-01-31,10103540734.36,4557361196.9,2020256652.55,3525922884.91,45.10657518,19.99553133,34.8978935,195,0,4.98
2022-02-01,10086816990.43,4395532106.19,2090042890.55,3601241993.7,43.57699867,20.72053942,35.70246191,196,0,4.98
2022-02-02,9602157535.98,4198415498.92,1983418970.42,3420323066.65,43.72366818,20.65597198,35.62035984,196,0,4.98
2022-02-03,9718177392.83,4229522890.38,1991585477.99,3497069024.46,43.5217708,20.49340527,35.98482393,195,0,4.98
2022-02-04,10833786062.03,4759996076.22,2288916751.19,3784873234.62,43.93658919,21.12757939,34.93583142,195,0,4.98
2022-02-05,10899224542.0,4756890927.11,2288844587.95,3853489026.94,43.64430615,21.00006821,35.35562564,196,0,4.98
2022-02-06,11054501210.01,4823874409.26,2300507910.71,3930118890.03,43.63719645,20.81059893,35.55220462,196,0,4.98
2022-02-07,11257249451.71,4878543897.81,2290510759.69,4088194794.21,43.33690853,20.34698413,36.31610734,195,0,4.98
2022-02-08,10877857898.53,4680690154.42,2168984295.78,4028183448.33,43.02952105,19.93944319,37.03103576,194,0,4.98
2022-02-09,11155779918.99,4750681630.27,2290805622.13,4114292666.59,42.58493503,20.53469716,36.88036781,195,0,4.98
2022-02-10,10533229967.47,4543521872.28,2134090770.4,3855617324.78,43.13512461,20.26055424,36.60432115,195,0,4.98
2022-02-11,10117864830.89,4495916932.9,2005811797.8,3616136100.18,44.43543186,19.82445735,35.74011079,195,0,4.98
2022-02-12,10069651159.27,4477481162.1,1995252681.07,3596917316.1,44.465107,19.81451641,35.7203766,197,0,4.98
2022-02-13,9982438533.07,4437903722.13,1986034463.28,3558500347.67,44.45711043,19.89528367,35.6476059,198,0,4.98
2022-02-14,10032202436.57,4568443479.16,1898414378.76,3565344578.65,45.53779201,18.92320645,35.53900154,198,0,4.98
2022-02-15,10917905705.22,4819583793.17,2219024468.86,3879297443.19,44.14384886,20.32463486,35.53151628,198,0,1314.98
2022-02-16,10766849327.84,4803791547.06,2123602828.99,3839454951.79,44.61650201,19.72353067,35.65996732,197,0,4.98
2022-02-17,9887114551.34,4430844867.33,1993702444.54,3462567239.48,44.81433733,20.16465405,35.02100862,196,0,4.98
2022-02-18,9741405935.73,4325940083.49,1944628807.69,3470837044.55,44.40775913,19.96250665,35.62973422,196,0,4.98
2022-02-19,9809964874.0,4452468090.6,1780236016.25,3577260767.15,45.38719708,18.14722111,36.46558181,196,0,4.98
2022-02-20,9474445141.56,4222852006.38,1852927469.38,3398665665.79,44.57096899,19.55710801,35.871923,197,0,4.98
2022-02-21,9036729552.72,4065609913.05,1835294682.82,3135824956.85,44.98983719,20.30927972,34.70088309,195,0,4.98
2022-02-22,9422707757.63,4245736198.8,1877557316.55,3299414242.29,45.05855756,19.92587868,35.01556375,196,0,4.98
2022-02-23,8871018431.68,4072837611.46,1545313742.1,3252867078.13,45.91172528,17.41980083,36.6684739,195,0,4.98
2022-02-24,8784377010.02,3825239130.61,1775517438.64,3183620440.78,43.54593531,20.21221808,36.2418466,198,0,4.98
2022-02-25,9308606408.2,3953840732.03,1909837325.04,3444928351.13,42.47510915,20.51689846,37.00799239,198,0,4.98
2022-02-26,9347892034.74,3934120238.25,1937589143.25,3476182653.23,42.08564052,20.72755158,37.1868079,197,0,4.98
2022-02-27,8835729347.49,3789793685.86,1819336231.42,3226599430.2,42.89169051,20.59067407,36.51763542,196,0,4.98
2022-02-28,9920122344.09,4310112092.29,1999337259.27,3610672992.53,43.44817476,20.1543609,36.39746434,196,0,4.98
2022-03-01,10318692834.04,4485919537.2,2098705552.95,3734067743.89,43.4737191,20.33887031,36.18741059,198,0,4.98
2022-03-02,10404991790.21,4568286929.96,2104801699.02,3731903161.23,43.90476246,20.22876847,35.86646906,197,0,4.98
2022-03-03,10291029839.99,4534412415.08,2075432070.36,3681185354.56,44.06179445,20.16738949,35.77081606,197,0,4.98
2022-03-04,9600965965.44,4278938997.78,1891984937.15,3430042030.5,44.56779675,19.70619356,35.72600968,197,0,4.98
2022-03-05,9779426403.05,4315787224.32,1905625981.0,3558013197.73,44.13129203,19.48607109,36.38263689,196,0,4.98
2022-03-06,9343918937.05,4051842977.08,1857312337.2,3434763622.77,43.36342175,19.87723085,36.7593474,196,0,4.98
2022-03-07,1969145716.23,1064263687.86,476697301.29,428184727.07,54.04697474,24.20833041,21.74469485,197,0,4.98
2022-03-08,9305626486.58,3930966685.62,1830783441.48,3543876359.48,42.24290209,19.67394075,38.08315716,199,0,4.98
2022-03-09,10082337610.79,4336631582.09,1889988880.52,3855717148.17,43.01216394,18.74554249,38.24229357,199,0,4.98
2022-03-10,9502780957.58,4030427065.47,1803332567.45,3669021324.66,42.41313236,18.97689293,38.60997471,199,0,4.98
2022-03-11,9454744317.52,3989356921.0,1814129564.79,3651257831.73,42.19423378,19.18750528,38.61826094,197,0,4.98
2022-03-12,9626695958.56,4079277287.37,1828724655.46,3718694015.73,42.37463513,18.99638945,38.62897542,199,0,4.98
2022-03-13,9640845654.75,4171792685.44,1833943349.3,3635109620.01,43.27206176,19.02263987,37.70529838,198,0,4.98
2022-03-14,9900554177.37,4253518350.58,1846200249.0,3800835577.79,42.96242689,18.64744353,38.39012958,200,0,4.98
2022-03-15,10017223867.86,4317984093.27,1905275691.33,3793964083.26,43.10559642,19.01999712,37.87440646,201,0,4.98
2022-03-16,10337097699.04,4410997390.7,2004058524.93,3922041783.41,42.67152657,19.38705218,37.94142125,201,0,4.98
2022-03-17,10502769027.51,4400640038.75,2077338720.22,4024790268.54,41.89980782,19.77896224,38.32122993,203,0,4.98
2022-03-18,10893993555.53,4547547759.34,2214369375.8,4132076420.39,41.74362447,20.3265163,37.92985923,201,0,4.98
2022-03-19,11074833288.25,4563939473.52,2193145510.77,4317748303.96,41.2100061,19.80296636,38.98702754,202,0,4.98
2022-03-20,10662124627.94,4368841049.78,2060647980.16,4232635598.01,40.9753328,19.32680448,39.69786272,203,0,4.98
2022-03-21,10728708543.48,4260776761.41,2124386576.33,4343545205.74,39.71378982,19.80095337,40.48525681,200,0,4.98
2022-03-22,11270134118.09,4427263533.03,2261544714.21,4581325870.85,39.2831486,20.06670631,40.65014509,203,0,4.98
2022-03-23,11410097946.71,4407284396.94,2209815537.75,4792998012.02,38.62617497,19.36719166,42.00663337,204,0,4.98
2022-03-24,12235058028.11,4861960327.85,2427442442.9,4945655257.36,39.73794253,19.84005664,40.42200083,206,0,4.98
2022-03-25,11931632976.12,4848599182.89,2362388188.35,4720645604.88,40.63650963,19.79937024,39.56412014,211,0,959.98
2022-03-26,11755614503.46,4788939246.21,1973887074.25,4992788183.0,40.73746417,16.79101568,42.47152015,204,0,744.98
2022-03-27,12735757169.3,4992613669.32,2533811179.76,5209332320.22,39.20154572,19.89525355,40.90320074,202,0,4.98
2022-03-28,12451760809.48,4906128321.82,2487512660.42,5058119827.25,39.40108067,19.97719598,40.62172334,202,0,9.98
2022-03-29,12747753504.21,4914468404.0,2490719704.95,5342565395.26,38.55164286,19.53849911,41.90985803,205,0,4.98
2022-03-30,12892413475.85,4870892398.6,2461295234.8,5560225842.45,37.78107495,19.09103551,43.12788954,206,0,4.98
2022-03-31,12342775477.71,4636816056.54,2383179776.42,5322779644.75,37.56704531,19.30829724,43.12465745,205,0,4.98
2022-04-01,12584843245.41,4630777932.64,2499490785.36,5454574527.41,36.79646891,19.86111973,43.34241135,206,0,4.98
2022-04-02,12491540367.78,4529090119.5,2508757264.75,5453692983.53,36.2572588,20.08365014,43.65909106,203,0,4.98
2022-04-03,12864082303.93,4583124080.62,2665634294.29,5615323929.02,35.62729134,20.72152705,43.65118161,204,0,4.98
2022-04-04,12741146451.75,4667837664.65,2602011920.5,5471296866.6,36.63593133,20.42211767,42.941951,207,0,4.98
2022-04-05,12242957406.6,4756104608.03,2078540790.92,5408312007.66,38.84767749,16.97744035,44.17488216,205,0,4.98
2022-04-06,11200571127.29,4771321353.65,1820206022.03,4609043751.61,42.59891125,16.25101079,41.15007797,205,0,4.98
2022-04-07,11829483303.39,4767699045.96,2267137358.87,4794646898.55,40.30352741,19.16514273,40.53132986,206,0,4.98
2022-04-08,11698616264.75,4743597504.74,2319349325.51,4635669434.51,40.54836399,19.82584327,39.62579274,208,0,4.98
2022-04-09,11913098698.55,4809003793.08,2334949667.23,4769145238.24,40.36736297,19.59985161,40.03278541,207,1,4.98
2022-04-10,11842148021.37,4809344823.03,2332220853.65,4700582344.69,40.61209853,19.69423832,39.69366314,207,0,4.98
2022-04-11,10957766119.75,4552365811.8,2140285606.06,4265114701.89,41.54465209,19.5321344,38.9232135,207,0,899.98
2022-04-12,11072081459.94,4562194484.58,2134296210.38,4375590764.98,41.20448807,19.27637742,39.51913451,206,0,894.98
2022-04-13,11233049929.94,4484554309.18,2220970748.43,4527524872.32,39.92285565,19.77175177,40.30539257,204,0,4.98
2022-04-14,11211368424.3,4506612110.36,2188345817.46,4516410496.48,40.19680685,19.51898943,40.28420373,208,0,4.98
2022-04-15,11321164259.19,4503535922.52,2189099904.62,4628528432.06,39.7797949,19.33634964,40.88385546,209,0,869.98
2022-04-16,11437205260.75,4496498187.56,2215246897.18,4725460176.02,39.31465848,19.36877801,41.31656352,208,0,4.98
2022-04-17,10906932140.67,4540556127.82,1759998715.15,4606377297.7,41.63000255,16.13651476,42.23348269,207,0,4.98
2022-04-18,11333860833.93,4456940767.03,2166488702.68,4710431364.21,39.32411764,19.11518709,41.56069528,209,0,4.98
2022-04-19,11812838929.27,4553613165.84,2218178793.53,5041046969.89,38.54800013,18.7776944,42.67430547,208,0,4.98
2022-04-20,11691042731.98,4531043495.37,2136802260.1,5023196976.51,38.75653865,18.27725986,42.96620149,209,0,4.98
2022-04-21,11401856240.51,4476140384.7,2155738900.09,4769976955.71,39.25799703,18.90691177,41.83509119,210,0,4.98
2022-04-22,11645809263.74,4604882784.61,2220437131.52,4820489347.61,39.54111458,19.06640476,41.39248066,209,0,4.98
2022-04-23,11687701698.7,4618251584.17,2203005225.48,4866444889.05,39.51377014,18.84891728,41.63731257,211,0,4.98
2022-04-24,11665028712.24,4596504216.07,2203373453.71,4865151042.47,39.40413975,18.88871008,41.70715017,210,0,4.98
2022-04-25,11679049968.61,4559183512.58,2186852919.5,4933013536.53,39.03728064,18.72457884,42.23814051,210,0,4.98
2022-04-26,11255317121.71,4550699513.94,2123161041.07,4581456566.71,40.43155306,18.86362701,40.70481993,208,0,4.98
2022-04-27,11370932648.11,4468119808.68,2111388904.15,4791423935.28,39.29422455,18.56830015,42.13747529,209,0,4.98
2022-04-28,11262794387.06,4370145261.59,2083429971.84,4809219153.63,38.80160741,18.49833976,42.70005283,212,0,4.98
2022-04-29,11020046492.48,4432190130.82,2084268353.31,4503588008.35,40.21934149,18.91342613,40.86723238,210,0,4.98
2022-04-30,10500038696.15,4443130443.91,2020403778.53,4036504473.71,42.31537209,19.24186983,38.44275807,211,0,4.98
2022-05-01,10579128722.76,4407033799.73,2079832987.56,4092261935.47,41.65781432,19.65977579,38.68240989,214,0,64.98
2022-05-02,10486022821.82,4335354956.73,2062534196.0,4088133669.09,41.34413047,19.66936589,38.98650364,213,0,4.98
2022-05-03,10813459881.06,4711108685.2,2042543268.83,4059807927.03,43.5670797,18.88889672,37.54402358,211,1,4.98
2022-05-04,11150200139.36,4581079815.59,2130526781.4,4438593542.37,41.08518016,19.10752054,39.8072993,213,0,4.98
2022-05-05,10585869435.55,4523242170.34,2063763528.19,3998863737.02,42.72905686,19.4954561,37.77548704,211,0,4.98
2022-05-06,10486319650.67,4411524427.34,2044016151.89,4030779071.44,42.06933008,19.49221672,38.4384532,214,0,4.98
2022-05-07,10414695518.06,4448955931.45,2021165313.38,3944574273.23,42.71806049,19.40685937,37.87508013,214,0,4.98
2022-05-08,10114897412.16,4238441707.53,1950763088.83,3925692615.81,41.90296288,19.28603929,38.81099784,213,0,4.98
2022-05-09,8625280751.25,3717535464.4,1718283905.8,3189461381.05,43.1004575,19.92148378,36.97805872,213,1,614.98
2022-05-10,8343967253.51,3614863768.37,1707958709.27,3021144775.88,43.32308192,20.46938414,36.20753395,212,0,4.98
2022-05-11,7120097073.82,3349269494.24,1570368916.22,2200458663.35,47.03966055,22.0554425,30.90489695,211,0,4.98
2022-05-12,6471358027.04,3139537639.47,1403411678.18,1928408709.39,48.51435551,21.68650958,29.79913492,214,0,959.98
2022-05-13,6698650854.15,3245946738.41,1397854029.68,2054850086.06,48.45672374,20.867695,30.67558126,213,0,1344.98
2022-05-14,6755418210.32,3111162633.67,1439108412.45,2205147164.19,46.05433057,21.30302474,32.6426447,212,0,4.98
2022-05-15,7186808409.5,3319018152.43,1487109980.18,2380680276.89,46.18208756,20.69221684,33.1256956,211,1,4.98
2022-05-16,6917720419.28,3269938972.71,1402517711.04,2245263735.53,47.26902469,20.27427572,32.4566996,210,0,4.98
2022-05-17,7238942519.68,3284080550.59,1495151955.12,2459710013.98,45.36685492,20.65428688,33.9788582,213,0,4.98
2022-05-18,7151991858.07,3352996389.24,1434878242.78,2364117226.04,46.88199394,20.06263809,33.05536797,213,0,4.98
2022-05-19,7711900491.94,3710839910.51,1493128616.04,2507931965.39,48.1183583,19.36135739,32.52028431,215,0,4.98
2022-05-20,7345739509.79,3469010069.03,1435301513.22,2441427927.54,47.22479016,19.53923783,33.23597201,215,0,4.98
2022-05-21,7357997882.32,3407910353.26,1370713475.86,2579374053.2,46.31572892,18.62889196,35.05537912,214,0,4.98
2022-05-22,7857559423.61,3655567042.3,1499655318.03,2702337063.28,46.52293219,19.08551036,34.39155745,213,0,4.98
2022-05-23,7570394972.89,3530476822.19,1459542823.23,2580375327.47,46.63530549,19.2796126,34.08508191,213,0,4.98
2022-05-24,7786554032.09,3608121322.09,1511379984.64,2667052725.35,46.33784479,19.41012646,34.25202875,216,0,4.98
2022-05-25,7664658806.35,3489408739.7,1490164483.21,2685085583.44,45.52595005,19.44201981,35.03203014,216,0,4.98
2022-05-26,7588673770.9,3583469169.13,1452853163.7,2552351438.07,47.22128368,19.14502069,33.63369562,220,0,4.98
2022-05-27,7521732775.16,3535198783.71,1471561503.52,2514972487.93,46.99979233,19.564129,33.43607867,221,0,4.98
2022-05-28,7531882862.78,3548709340.58,1317146644.22,2666026877.98,47.11583286,17.48761456,35.39655258,221,0,794.98
2022-05-29,7982142455.01,3710453383.31,1547255247.29,2724433824.42,46.48442952,19.38395933,34.13161115,219,0,4.98
2022-05-30,8514401880.59,3974347480.4,1659147848.46,2880906551.73,46.67794093,19.48636994,33.83568913,221,0,4.98
2022-05-31,8453364461.85,4013344380.2,1606692643.5,2833327438.16,47.47629655,19.00654646,33.517157,221,0,4.98
2022-06-01,7871599010.66,3681282398.0,1517347231.84,2672969380.82,46.76664034,19.27622621,33.95713345,222,0,4.98
2022-06-02,8101068672.61,3764589750.92,1572066071.54,2764412850.15,46.47028563,19.40566282,34.12405155,221,0,4.98
2022-06-03,8009954810.42,3675181808.49,1574966367.75,2759806634.17,45.88267844,19.6626124,34.45470916,222,0,4.98
2022-06-04,8023576673.29,3656042698.32,1593154564.53,2774379410.45,45.56624617,19.855915,34.57783883,221,0,4.98
2022-06-05,8068263037.93,3682715611.81,1605571786.62,2779975639.5,45.6444664,19.89984435,34.45568924,221,0,4.98
2022-06-06,8729710865.21,4250540366.9,1603903187.91,2875267310.4,48.69050571,18.37292452,32.93656978,222,0,4.98
2022-06-07,8187041373.97,3882703857.46,1520967390.99,2783370125.53,47.42499372,18.5777416,33.99726468,223,0,4.98
2022-06-08,7125694204.34,2912340949.81,1543992700.38,2669360554.15,40.87097855,21.66796183,37.46105962,233,0,1274.98
2022-06-09,8036960910.4,3745734742.61,1581157825.61,2710068342.18,46.60635761,19.67357865,33.72006375,224,0,4.98
2022-06-10,8149832837.09,3815809595.08,1722464949.6,2611558292.41,46.82070996,21.13497275,32.04431728,225,0,4.98
2022-06-11,7955494682.86,3841171902.84,1660580282.68,2453742497.34,48.28325649,20.87337556,30.84336795,224,0,4.98
2022-06-12,7399860718.37,3549774569.09,1548781871.2,2301304278.07,47.97082951,20.92987868,31.09929181,225,0,4.98
2022-06-13,6419599746.93,2895981361.57,1367964377.23,2155654008.14,45.11155642,21.30918486,33.57925873,226,0,4.98
2022-06-14,6130788895.06,2814714284.47,1169676511.23,2146398099.36,45.91112714,19.07872757,35.01014529,224,0,4.98
2022-06-15,6410049289.41,2797080078.99,1326986491.66,2285982718.75,43.63585914,20.70165816,35.6624827,226,0,4.98
2022-06-16,6073612530.54,2733796101.17,1276778314.98,2063038114.39,45.01103894,21.02172815,33.96723291,224,0,4.98
2022-06-17,6189685406.36,2776274267.73,1283726586.4,2129684552.22,44.85323705,20.73977112,34.40699183,220,0,4.98
2022-06-18,5981124219.43,2588378328.35,1319142085.98,2073603805.1,43.27578284,22.05508593,34.66913124,226,0,4.98
2022-06-19,6301856695.57,2734748817.19,1362252069.09,2204855809.28,43.39592202,21.61667799,34.9874,224,0,4.98
2022-06-20,6262552761.01,2747654041.74,1300179970.6,2214718748.67,43.8743456,20.7611819,35.3644725,226,0,4.98
2022-06-21,6380291752.86,2830204602.79,1323538265.41,2226548884.66,44.35854523,20.74416526,34.89728951,227,0,4.98
2022-06-22,6154082450.7,2783585521.06,1239563008.75,2130933920.89,45.23152791,20.14212547,34.62634662,226,0,4.98
2022-06-23,6705801305.11,2971869551.14,1391678144.11,2342253609.86,44.31788859,20.75334596,34.92876546,236,0,1029.98
2022-06-24,6952513281.71,2953199322.53,1524539746.99,2474774212.2,42.47671601,21.92789406,35.59538992,245,1,1299.98
2022-06-25,7037735978.06,3008732775.27,1557929217.39,2471073985.4,42.75143007,22.13679544,35.11177448,223,0,4.98
2022-06-26,6619917812.48,2871114884.58,1458482468.28,2290320459.62,43.37085393,22.03173075,34.59741532,220,0,4.98
2022-06-27,6572798015.95,2814343513.7,1450596328.59,2307858173.66,42.8180435,22.06969277,35.11226373,228,0,969.98
2022-06-28,6484945681.07,2846367600.93,1403411594.27,2235166485.87,43.89192664,21.64106938,34.46700398,232,0,1294.98
2022-06-29,6353388520.26,2781251612.23,1346852307.28,2225284600.74,43.77587807,21.19896026,35.02516167,224,0,4.98
2022-06-30,6205572621.94,2674510399.78,1332233625.39,2198828596.77,43.09852713,21.46834316,35.43312972,225,0,899.98
2022-07-01,5982114348.28,2544936314.72,1277106544.31,2160071489.25,42.54242174,21.34874845,36.10882981,223,0,4.98
2022-07-02,6128898384.33,2603707714.51,1294939617.33,2230251052.5,42.48247485,21.12842368,36.38910148,223,0,4.98
2022-07-03,6194349947.46,2624956819.79,1379657411.66,2189735716.01,42.376631,22.27283611,35.3505329,221,0,4.98
2022-07-04,6815173672.89,2903678518.66,1495500168.71,2415994985.52,42.60608252,21.94368391,35.45023357,224,0,4.98
2022-07-05,6627133649.12,2863013129.13,1420082090.7,2344038429.29,43.20137907,21.42830017,35.37032077,223,0,4.98
2022-07-06,6998142358.58,2959706211.61,1579135155.62,2459300991.36,42.29274084,22.56506191,35.14219725,218,0,4.98
2022-07-07,7628591561.09,3376942191.62,1658689082.16,2592960287.32,44.26691565,21.74305793,33.99002642,226,0,4.98
2022-07-08,7363037122.1,3278902496.44,1567799604.04,2516335021.62,44.53192945,21.29283851,34.17523204,225,0,4.98
2022-07-09,7340572217.35,3207762451.67,1524139033.5,2608670732.17,43.69907899,20.76321829,35.53770271,226,0,4.98
2022-07-10,6913566245.13,2987063570.41,1472540895.6,2453961779.12,43.20582843,21.29929538,35.49487619,226,0,4.98
2022-07-11,6584131711.71,2887889855.34,1393380070.74,2302861785.63,43.86136216,21.16270044,34.9759374,225,0,4.98
2022-07-12,6451769835.4,2850379223.74,1293572340.34,2307818271.32,44.17980332,20.04988357,35.77031311,226,0,4.98
2022-07-13,6721333931.1,2924000746.22,1382069711.41,2415263473.47,43.50328039,20.56243189,35.93428772,227,0,4.98
2022-07-14,7131596462.07,3058200146.17,1547132679.73,2526263636.18,42.88240596,21.6940581,35.42353594,225,0,4.98
2022-07-15,7299636405.79,3141704696.66,1657402393.98,2500529315.16,43.03919431,22.70527327,34.25553241,228,0,4.98
2022-07-16,7666979261.54,3206075543.63,1804436940.53,2656466777.39,41.81667165,23.5351744,34.64815394,228,0,4.98
2022-07-17,7404151026.01,3172966293.24,1639261966.87,2591922765.9,42.85388402,22.13976945,35.00634653,228,0,4.98
2022-07-18,8095624403.97,3347274082.15,1928269042.51,2820081279.32,41.34670675,23.81865742,34.83463583,226,0,4.98
2022-07-19,8190461854.66,3673962927.81,1719235680.53,2797263246.31,44.85660263,20.99070493,34.15269244,228,0,4.98
2022-07-20,7696851696.02,3482026597.71,1676074204.88,2538750893.43,45.2396218,21.77610107,32.98427713,229,0,4.98
2022-07-21,7933116225.14,3437396768.32,1804504222.28,2691215234.53,43.32971648,22.74647403,33.92380949,229,0,4.98
2022-07-22,7824735257.32,3466100267.1,1764805852.04,2593829138.18,44.29670977,22.55419249,33.14909774,229,0,4.98
2022-07-23,7900268793.5,3488546351.65,1769265323.42,2642457118.43,44.15731215,22.39500161,33.44768624,231,0,4.98
2022-07-24,8199641863.86,3445248594.72,2086351425.68,2668041843.46,42.01706187,25.44442136,32.53851678,230,0,4.98
2022-07-25,7237519102.61,3125946835.23,1702802666.18,2408769601.19,43.19086127,23.52743588,33.28170285,230,0,4.98
2022-07-26,7348440314.36,3168906479.68,1742416909.97,2437116924.72,43.12352478,23.71138412,33.1650911,231,0,4.98
2022-07-27,8379570154.98,3455777278.25,2172550914.63,2751241962.1,41.24050774,25.92675847,32.83273379,231,1,4.98
2022-07-28,8665004277.71,3517077928.54,2245228134.48,2902698214.69,40.58945404,25.91144866,33.49909731,233,0,4.98
2022-07-29,8661963553.34,3563374933.02,2259221894.02,2839366726.31,41.13818895,26.08209882,32.77971223,230,0,4.98
2022-07-30,8659225984.25,3628381962.81,2090895671.09,2939948350.35,41.90192021,24.14644998,33.95162981,234,0,4.98
2022-07-31,8411685111.15,3486286839.02,2034592562.94,2890805709.19,41.44576019,24.18769291,34.3665469,232,0,4.98
2022-08-01,8266187433.25,3433053381.26,1969546203.27,2863587848.72,41.53127919,23.82653695,34.64218386,233,0,4.98
2022-08-02,8090780823.22,3381074753.31,1953335196.54,2756370873.38,41.78922686,24.14272787,34.06804527,232,0,4.98
2022-08-03,8313298422.56,3493265331.98,1943997927.52,2876035163.06,42.02020852,23.38419516,34.59559632,233,0,4.98
2022-08-04,8324972594.16,3383834630.24,2010804105.29,2930333858.63,40.64679603,24.15388258,35.19932139,234,0,4.98
2022-08-05,8909198005.35,3353229108.1,2405387223.71,3150581673.54,37.63783346,26.99891979,35.36324674,236,0,4.98
2022-08-06,8976182358.45,3386879628.57,2428163449.61,3161139280.28,37.73184961,27.05118226,35.21696813,237,0,4.98
2022-08-07,8999042255.45,3405626796.32,2367974365.33,3225441093.8,37.84432498,26.31362647,35.84204855,237,0,4.98
2022-08-08,9290041749.28,3742461121.04,2304273830.13,3243306798.1,40.28465342,24.80369725,34.91164933,236,0,4.98
2022-08-09,8907381177.54,3542553220.15,2287231166.49,3077596790.9,39.77098487,25.67793071,34.55108443,234,0,4.98
2022-08-10,9540907759.36,3578474744.54,2658443522.54,3303989492.29,37.50664858,27.863633,34.62971843,234,0,4.98
2022-08-11,9889314416.23,3708760344.22,2803287508.82,3377266563.19,37.50270431,28.34663143,34.15066425,235,0,4.98
2022-08-12,10049114982.89,3747003471.17,2889355407.36,3412756104.36,37.28690017,28.75233702,33.96076282,235,0,4.98
2022-08-13,10383601214.39,3860401651.45,3031478215.6,3491721347.35,37.17786895,29.19486364,33.62726741,234,0,4.98
2022-08-14,9962003895.27,3706096419.73,2849283745.61,3406623729.93,37.20231852,28.60151206,34.19616942,236,0,4.98
2022-08-15,9604081166.98,3518258778.13,2767151977.6,3318670411.25,36.63295548,28.81225106,34.55479346,237,0,4.98
2022-08-16,9533975204.95,3489037027.55,2651821443.28,3393116734.12,36.59582653,27.81443612,35.58973735,236,0,4.98
2022-08-17,9445986366.7,3653112062.52,2586378466.82,3206495837.36,38.67369611,27.38071353,33.94559036,234,0,4.98
2022-08-18,9374356754.69,3608592050.84,2702756015.07,3063008688.78,38.49428974,28.8313757,32.67433456,235,0,899.98
2022-08-19,7920684761.6,3116240618.37,2122908681.26,2681535461.96,39.34307086,26.80208524,33.8548439,237,0,4.98
2022-08-20,7948526379.69,3107666029.86,2160021583.33,2680838766.51,39.09738587,27.17512002,33.72749411,236,0,4.98
2022-08-21,8089006216.01,3198216479.44,2112670451.75,2778119284.83,39.53781706,26.11779983,34.34438311,236,0,4.98
2022-08-22,8339423023.08,3155176284.54,2322584108.74,2861662629.81,37.83446739,27.85065708,34.31487552,236,0,4.98
2022-08-23,8459590432.99,3210597473.32,2322327237.84,2926665721.83,37.95216209,27.45200558,34.59583233,238,0,4.98
2022-08-24,8116129135.05,2864166833.89,2365502865.45,2886459435.71,35.28981348,29.14570266,35.56448385,236,0,4.98
2022-08-25,8692108379.07,3240691274.82,2543257175.67,2908159928.57,37.2831439,29.25938178,33.45747432,242,0,1309.98
2022-08-26,7920017460.38,3193636463.76,2115589156.07,2610791840.55,40.32360383,26.7119254,32.96447077,237,0,4.98
2022-08-27,8093641406.16,3266169886.4,2147174838.91,2680296680.85,40.35476397,26.52915704,33.11607899,237,0,4.98
2022-08-28,7959388854.48,3188366476.92,2122460859.05,2648561518.51,40.05793077,26.66612849,33.27594074,238,0,4.98
2022-08-29,8406673537.86,3290800829.53,2350788292.49,2765084415.83,39.14510079,27.96335889,32.89154031,234,0,4.98
2022-08-30,8059685103.49,3249619934.1,2140023585.74,2670041583.65,40.31944043,26.55219848,33.12836109,237,0,4.98
2022-08-31,7974535855.72,3083545398.46,2240338713.41,2650651743.85,38.6673965,28.09365653,33.23894697,236,0,4.98
