date,all_oi_usd,btc_oi_usd,eth_oi_usd,others_oi_usd,btc_pct,eth_pct,others_pct,market_count
2021-12-01,5585226479.124478,3010256288.652,1316375198.3965,1258594992.0759783,53.89676318,23.5688777,22.53435911,65
2021-12-02,5728942610.403089,3056184798.8500004,1374369777.625,1298388033.9280882,53.34640276,23.98993795,22.66365929,67
2021-12-03,5720291377.825638,3041423192.3765,1388348101.645,1290520083.8041377,53.16902569,24.27058361,22.5603907,67
2021-12-04,5297774495.055276,2790946510.2965,1299696539.9375,1207131444.8212757,52.68148942,24.53287774,22.78563283,71
2021-12-05,3227452612.10256,1516115285.1504998,946835646.1945,764501680.7575603,46.97560173,29.33693411,23.68746416,71
2021-12-06,3027015051.7404795,1437585286.606,880397378.962,709032386.1724795,47.49184467,29.08467133,23.423484,71
2021-12-07,3092380996.6034293,1462464912.106,886643150.5929999,743272933.9044294,47.29252035,28.67186002,24.03561963,73
2021-12-08,3177733825.5629277,1515932904.7435,922027667.3499999,739773253.4694278,47.70484213,29.01525798,23.27989989,73
2021-12-09,3305233315.990759,1514391089.0795,1004098892.8180001,786743334.0932589,45.81797847,30.37906244,23.80295909,73
2021-12-10,3239427075.669746,1531861426.2615,970459533.962,737106115.446246,47.28803552,29.95775214,22.75421234,73
2021-12-11,3102190665.685126,1482188835.7259998,897523581.209,722478248.750126,47.77877943,28.93192837,23.2892922,75
2021-12-12,3244224126.695891,1531295930.521,917051155.59,795877040.584891,47.20068253,28.26719486,24.53212261,75
2021-12-13,3355818511.3769493,1598948367.699,937523619.6500001,819346524.0279493,47.64704534,27.93725633,24.41569832,75
2021-12-14,3140581304.1849594,1498139382.25,912536984.304,729904937.6309594,47.70261417,29.05630824,23.24107759,78
2021-12-15,3174069855.79911,1490465969.792,931238869.6819999,752365016.32511,46.9575667,29.3389532,23.70348009,78
2021-12-16,3175602473.5572863,1492616458.9325,890008944.5499598,792977070.0748266,47.00262301,28.02645961,24.97091738,78
2021-12-17,3337543837.2349186,1626800739.573,939433513.987,771309583.6749187,48.7424531,28.14745093,23.11009597,78
2021-12-18,3187357352.0921383,1546389654.6,888121793.76,752845903.7321384,48.51635646,27.86389148,23.61975206,79
2021-12-19,3294165855.4115386,1585350374.3200002,909061426.317,799754054.7745384,48.12600348,27.59610372,24.27789279,79
2021-12-20,3286660807.637858,1585061605.9275,908475515.44,793123686.2703578,48.22711252,27.64129214,24.13159534,79
2021-12-21,3362117909.324448,1627656689.414,930034927.28,804426292.6304481,48.41164805,27.66217463,23.92617732,80
2021-12-22,3638847789.0753984,1804477038.8735,1002015832.7544999,832354917.4473984,49.58924208,27.53662398,22.87413395,80
2021-12-23,3616863027.063716,1783362482.3485,970649340.9300001,862851203.7852159,49.3068847,26.83677357,23.85634173,80
2021-12-24,3808337707.2660785,1835188054.632,1020840801.036,952308851.5980785,48.18869007,26.80541694,25.00589299,80
2021-12-25,3732061233.3031445,1818614196.8400002,996119061.3025,917327975.1606443,48.72948441,26.69085524,24.57966035,80
2021-12-26,3859896632.6053915,1832946154.842,1048411308.7420001,978539169.0213914,47.48692334,27.1616421,25.35143456,80
2021-12-27,3889102395.527877,1846742858.695,1033408754.28,1008950782.552877,47.4850665,26.57190912,25.94302438,80
2021-12-28,3944358256.5626326,1891470061.6685,1038499676.5265,1014388518.3676326,47.95380994,26.32873611,25.71745395,80
2021-12-29,3624074278.4932427,1754712087.2365246,973218457.746,896143733.5107181,48.41821531,26.85426354,24.72752114,80
2021-12-30,3465918104.08293,1662815974.1,935483384.82,867618745.1629301,47.97620498,26.99092583,25.03286919,82
2021-12-31,3548896687.8459272,1730085856.3835,932084125.8295,886726705.6329272,48.74996396,26.26405353,24.98598251,82
2022-01-01,3490755468.768994,1695080467.9759998,917132481.983,878542518.809994,48.55912948,26.27318041,25.16769011,82
2022-01-02,3547905062.9128857,1680029953.043,933798461.4660001,934076648.4038856,47.35273135,26.31971388,26.32755476,82
2022-01-03,3553480887.9344654,1673051877.12,936727251.278,943701759.5364655,47.08205644,26.3608355,26.55710807,82
2022-01-04,3692404579.984241,1800612539.5939999,934156572.211,957635468.1792412,48.76530999,25.29940996,25.93528004,82
2022-01-05,3603213570.1324806,1747358539.99,932735037.3999622,923119992.7425184,48.49444825,25.88619906,25.61935269,82
2022-01-06,3273380427.610512,1600521952.567,877625121.8319646,795233353.2115473,48.8950792,26.81097236,24.29394844,84
2022-01-07,3294833253.0188665,1641294297.361,840827372.4,812711583.2578665,49.81418395,25.51957285,24.6662432,85
2022-01-08,3084535770.363738,1559521734.039,749970007.9300001,775044028.394738,50.55936615,24.3138697,25.12676416,85
2022-01-09,3046328966.479699,1562085457.356,731284833.4,752958675.7236992,51.2776353,24.00544529,24.71691941,85
2022-01-10,3113385763.896828,1595420618.256,742085405.016,775879740.6248281,51.24391062,23.83531824,24.92077113,85
2022-01-11,3034571861.5918794,1556026370.333,729130976.52,749414514.7388794,51.27663609,24.02747438,24.69588953,87
2022-01-12,3234353797.257303,1674503392.079,762965145.3199999,796885259.8583033,51.77242494,23.58941517,24.63815989,87
2022-01-13,3259783390.157874,1650301402.8025613,762897901.3310001,846584086.0243127,50.62610626,23.40333114,25.9705626,87
2022-01-14,3248775021.3917527,1673280041.8200002,755062770.4,820432209.1717526,51.50495281,23.24146072,25.25358647,88
2022-01-15,3277850589.334104,1655609095.0915,776092742.3065,846148751.936104,50.50898599,23.67687975,25.81413426,90
2022-01-16,3309244547.0156484,1665669946.8449998,775677635.6545,867896964.5161486,50.33384276,23.43971939,26.22643785,90
2022-01-17,3320008798.677494,1654115590.55,767810174.9,898083033.2274941,49.82262671,23.12675121,27.05062208,90
2022-01-18,3374635760.6615314,1733408082.4,761557564.958,879670113.3035314,51.36578302,22.5671041,26.06711289,90
2022-01-19,3304733019.981374,1705971921.0975766,736190381.1470001,862570717.7367971,51.62207993,22.27684889,26.10107118,90
2022-01-20,3321286795.8098545,1744404773.561,747920770.0,828961252.2488544,52.52195552,22.51900591,24.95903857,91
2022-01-21,3228219239.868821,1704105698.16,743543037.6235,780570504.0853211,52.78779325,23.0326066,24.17960015,91
2022-01-22,2609444600.351696,1374808294.6025,588778416.191,645857889.5581961,52.68585868,22.56336142,24.7507799,91
2022-01-23,2335894170.9079576,1276712279.026,546058647.02,513123244.86195755,54.65625519,23.3768573,21.96688751,91
2022-01-24,2433404060.6422524,1333285390.0476377,566885591.4715,533233079.1231147,54.79095772,23.29599102,21.91305126,91
2022-01-25,2308480331.332653,1244922757.487,548255187.8199756,515302386.02567744,53.92823758,23.74961486,22.32214756,92
2022-01-26,2407818395.8269405,1318218718.475,560814064.1575,528785613.1944406,54.74743115,23.29137717,21.96119168,92
2022-01-27,2332739197.5849915,1254967817.6946323,550217892.534,527553487.3563591,53.79803362,23.58677271,22.61519367,92
2022-01-28,2354088672.762399,1262667536.8555002,556282935.184,535138200.72289896,53.6372122,23.63050048,22.73228731,92
2022-01-29,2402081382.2452087,1313566777.312623,537013973.8395,551500631.0930858,54.68452431,22.356194,22.9592817,92
2022-01-30,2505489313.1614156,1367440677.2610002,566539033.848,571509602.0524154,54.57778926,22.61191181,22.81029893,92
2022-01-31,2489186313.2377396,1343732447.4229999,576207830.041,569246035.7737397,53.98279913,23.1484412,22.86875967,94
2022-02-01,2629420853.2555304,1478091282.111,559237201.0914731,592092370.0530572,56.2135681,21.26845539,22.51797651,94
2022-02-02,2607965770.902619,1427908322.9424999,574519482.438,605537965.522119,54.7518046,22.02941039,23.21878501,94
2022-02-03,2552168977.925948,1373081560.446,601225747.635,577861669.844948,53.80057403,23.55744282,22.64198315,94
2022-02-04,2582787652.5081105,1406692334.069,569415090.411973,606680228.0271375,54.464111,22.04653138,23.48935761,94
2022-02-05,2809328490.7935033,1524742116.7730846,633466497.755,651119876.2654186,54.27425528,22.54868022,23.1770645,94
2022-02-06,2811765341.2926564,1494037128.0879998,639462639.944,678265573.2606566,53.13519966,22.74239001,24.12241033,94
2022-02-07,2912581157.819288,1577295801.62,637757232.7759695,697528123.4233184,54.15456999,21.89663389,23.94879612,94
2022-02-08,3081336756.490671,1672856798.3355618,656903844.56,751576113.5951095,54.28996992,21.31879429,24.39123578,94
2022-02-09,2969767070.1802406,1574415243.982,657770587.723,737581238.4752405,53.01477209,22.14889492,24.83633299,94
2022-02-10,3017232483.0479417,1580933928.3015566,687009401.1999676,749289153.5464175,52.39682183,22.76952158,24.8336566,94
2022-02-11,2961156682.189206,1591255213.2005653,666756516.196,703144952.7926408,53.73762296,22.51675908,23.74561795,94
2022-02-12,2812560485.0595345,1523327872.6095767,632835426.095,656397186.3549578,54.16160402,22.50033126,23.33806472,94
2022-02-13,2805389053.519477,1529956586.9150782,619182190.6825,656250275.9218987,54.53634265,22.07117013,23.39248722,94
2022-02-14,2797807090.4543786,1519098625.9455,618884708.295,659823756.2138788,54.29604604,22.12034956,23.5836044,94
2022-02-15,2851273136.1022134,1570344211.3120747,614300445.4095,666628479.3806387,55.075194,21.54477723,23.38002876,94
2022-02-16,3140803460.5715094,1753607612.6330547,652433718.125,734762129.8134546,55.83308967,20.77282856,23.39408177,95
2022-02-17,3077626658.3599873,1702831469.576,646453958.8609688,728341229.9230185,55.32937093,21.00495059,23.66567848,95
2022-02-18,2934956519.9269233,1634390596.9520001,650703143.55,649862779.4249232,55.68704633,22.1707933,22.14216037,95
2022-02-19,2789598964.356248,1553027645.0181,597993866.1045,638577453.2336478,55.67207562,21.4365532,22.89137118,95
2022-02-20,2812085601.0761585,1566518952.1069999,595390593.3479724,650176055.6211863,55.70665955,21.17256292,23.12077752,95
2022-02-21,2705570929.9816337,1519651559.256,565105662.936,620813707.7896336,56.16750026,20.8867436,22.94575614,95
2022-02-22,2572218936.848794,1414703345.96313,590427279.546,567088311.339664,54.9993364,22.95400563,22.04665797,95
2022-02-23,2683416462.6412983,1511986309.574,588153619.974,583276533.0932984,56.34557031,21.91808943,21.73634027,95
2022-02-24,2624641378.6998773,1482995703.9985,575632557.3615,566013117.3398771,56.50279372,21.93185561,21.56535068,96
2022-02-25,2478627158.763323,1351529599.805,576032396.618,551065162.3403227,54.52734571,23.23997761,22.23267668,96
2022-02-26,2578979645.70209,1421241298.573,566871258.205,590867088.9240898,55.10866675,21.98044716,22.91088609,99
2022-02-27,2611459153.3785195,1469329920.6285,556878049.5615001,585251183.1885195,56.26471005,21.32440206,22.41088789,99
2022-02-28,2517583694.1677794,1404009105.979,550713665.955,562860922.2337793,55.76812041,21.87469148,22.35718811,99
2022-03-01,2619294500.90204,1430794163.003,555665868.51,632834469.38904,54.6251734,21.21433341,24.16049319,100
2022-03-02,2746688032.505646,1536732418.0755,567118683.6895,642836930.7406462,55.94856059,20.64736428,23.40407513,100
2022-03-03,2641967602.168989,1473435360.404061,541561580.627,626970661.1379281,55.77037959,20.49841869,23.73120172,100
2022-03-04,2672323003.79679,1498351511.4685001,556669088.5339999,617302403.7942901,56.06925171,20.83090584,23.09984246,100
2022-03-05,2503447230.1296787,1390612264.144,536267372.89199996,576567593.0936787,55.54789601,21.42115745,23.03094653,100
2022-03-06,2593376358.906526,1448308941.425,547872707.9565,597194709.5250261,55.84646195,21.12584647,23.02769158,100
2022-03-07,2504778296.9818807,1366534424.428,553733463.579,584510408.9748807,54.55710096,22.10708486,23.33581418,100
2022-03-08,2458796841.6333575,1348502258.534,533267930.6525,577026652.4468577,54.84398856,21.68816559,23.46784585,100
2022-03-09,2531098678.292023,1403682988.7419999,519683733.824,607731955.7260233,55.45745809,20.53194284,24.01059907,100
2022-03-10,2731838034.1938405,1553512253.1890807,533012812.18350005,645312968.8212597,56.8669238,19.51114252,23.62193369,100
2022-03-11,2498251790.329572,1390268444.126606,499402627.75,608580718.4529662,55.64965267,19.99008385,24.36026348,100
2022-03-12,2588072921.47848,1450353236.5,524180473.268,613539211.7104799,56.0398907,20.25369799,23.70641131,100
2022-03-13,2602435756.7940593,1437790042.856,530709595.125,633936118.8130593,55.24785921,20.39280292,24.35933787,100
2022-03-14,2632297149.644754,1470219081.0332446,541538211.075,620539857.5365093,55.85308183,20.57283735,23.57408082,100
2022-03-15,2667123607.091437,1492239599.3,526824077.584,648059930.2074369,55.9493979,19.75251826,24.29808384,100
2022-03-16,2747874573.348051,1536934460.3066072,546767761.5780001,664172351.4634438,55.9317545,19.89784275,24.17040275,101
2022-03-17,2828775253.048678,1534805556.9559999,586517745.3605,707451950.7321781,54.25689281,20.73398177,25.00912541,101
2022-03-18,2959575890.6131873,1604227817.1195912,634296069.38,721052004.1135961,54.20465217,21.43199204,24.36335579,101
2022-03-19,3106147508.951073,1694744122.093,664885013.0,746518373.8580732,54.56096715,21.40545518,24.03357766,102
2022-03-20,3209450093.6162744,1753437423.434,665712449.9,790300220.2822744,54.6335781,20.74225897,24.62416293,104
2022-03-21,3096042523.058323,1676328091.5715873,630715787.3870001,788998644.0997355,54.14422054,20.37167716,25.48410231,104
2022-03-22,3144530594.807821,1704913699.6690001,642458163.5755,797158731.5633206,54.21838485,20.43097194,25.35064321,104
2022-03-23,3234814471.159757,1713189659.7720766,665343015.9514999,856281795.4361806,52.96098664,20.56819709,26.47081627,104
2022-03-24,3211263884.64017,1656047174.1585715,647729775.4005,907486935.0810986,51.56994983,20.17055585,28.25949432,105
2022-03-25,3542741102.5282693,1924087074.0184999,671443099.6140001,947210928.8957694,54.3106882,18.95264373,26.73666806,105
2022-03-26,3585662814.3969254,1995874304.558,668251358.954,921537150.8849254,55.66263221,18.6367596,25.70060819,106
2022-03-27,3658442942.2429695,2009100108.8309999,674371399.0515001,974971434.3604696,54.91680861,18.43329006,26.64990133,106
2022-03-28,3727378041.4597187,2030448209.647,674355438.3840001,1022574393.4287186,54.47390061,18.09195179,27.4341476,106
2022-03-29,3712124067.640187,2049236227.4980001,671193163.04,991694677.1021867,55.20387223,18.08110803,26.71501973,107
2022-03-30,3766116265.8715005,2013977141.353,705195944.5799999,1046943179.9385006,53.47623385,18.72475237,27.79901379,107
2022-03-31,3862179040.9681478,2040564415.35,714455458.2360001,1107159167.3821478,52.83453702,18.49876587,28.66669711,107
2022-04-01,3741604777.4983993,1978010869.559,719756536.4375,1043837371.5018992,52.86530746,19.23657305,27.89811949,107
2022-04-02,3706202081.7954693,1921117007.512,714732630.1500001,1070352444.1334691,51.83519315,19.28477224,28.88003462,108
2022-04-03,3672394258.29481,1880302250.38,722942307.8959999,1069149700.0188098,51.20099091,19.6858577,29.11315139,108
2022-04-04,3771864721.2561097,1919019645.207,745431294.822,1107413781.2271097,50.87721292,19.76293823,29.35984886,108
2022-04-05,3839545053.8496556,1984625029.7665002,761390214.6825,1093529809.4006553,51.68906737,19.83021957,28.48071305,109
2022-04-06,3842118437.0612664,2003603474.9905,778283981.5675,1060230980.5032665,52.14840479,20.25663691,27.5949583,109
2022-04-07,3451558288.7145586,1821396875.071,711410360.0220001,918751053.6215584,52.77027715,20.61128049,26.61844236,109
2022-04-08,3532206239.0723906,1857361449.3379998,717941093.0225,956903696.7118907,52.58360706,20.32557117,27.09082177,111
2022-04-09,3428096521.5540266,1805214901.3140001,690297213.1800001,932584407.0600264,52.65939538,20.13645791,27.20414671,112
2022-04-10,3541957915.4936514,1877799619.9285002,700050238.4275,964108057.1376512,53.01586481,19.76449905,27.21963615,112
2022-04-11,3529481913.5393987,1847508837.754,724752938.235,957220137.5503987,52.34504335,20.53425845,27.12069819,112
2022-04-12,3213849868.672257,1676579168.368,679466848.9514999,857803851.352757,52.16731449,21.14183539,26.69085011,112
2022-04-13,3270385803.9252515,1735301794.486,656050025.228,879033984.2112514,53.06107287,20.06032513,26.878602,112
2022-04-14,3401237364.0727987,1810976101.624,659115433.74,931145828.7087986,53.24462564,19.37869555,27.37667881,115
2022-04-15,3398925881.42679,1805093432.268,684979632.966,908852816.1927904,53.10776096,20.15282642,26.73941262,115
2022-04-16,3368861706.2457504,1772445621.5845,660512281.98,935903802.6812503,52.61259666,19.60639348,27.78100986,115
2022-04-17,3389876470.22126,1795159760.4735003,649778779.503,944937930.2447598,52.95649491,19.1682141,27.87529099,115
2022-04-18,3465775178.8262577,1881851425.0279999,673640610.198,910283143.6002579,54.29813903,19.43693908,26.26492189,115
2022-04-19,3362104098.2594085,1784409461.663,660942551.0120001,916752085.5844083,53.07418835,19.65859865,27.26721299,115
2022-04-20,3465514866.033399,1818961902.938,672719830.628,973833132.4673991,52.48749387,19.41182931,28.10067681,115
2022-04-21,3384958157.777547,1773084978.5279999,649890922.244,961982257.005547,52.38129678,19.19937831,28.41932491,117
2022-04-22,3334268747.232879,1724444191.5435,685657500.832,924167054.8573792,51.7188122,20.56395428,27.71723352,117
2022-04-23,3419047517.635482,1791946780.552,681188501.211,945912235.8724818,52.41070126,19.92334116,27.66595758,118
2022-04-24,3444226818.889099,1785680775.9769998,686893080.5195,971652962.3925993,51.8456208,19.94331723,28.21106197,118
2022-04-25,3413039328.2866297,1759059310.3504999,696427903.645,957552114.2911298,51.53938004,20.4049188,28.05570116,118
2022-04-26,3336073367.3922653,1694675841.5085955,670346618.959,971050906.9246699,50.79851834,20.09388119,29.10760046,118
2022-04-27,3323616603.75302,1770471120.5925,652782848.018,900362635.1425198,53.26941497,19.64073856,27.08984647,118
2022-04-28,3290046651.027968,1718688003.894,631274666.1025,940083981.0314679,52.23901623,19.18740775,28.57357602,118
2022-04-29,3259497115.6458697,1691462488.23,628391613.076,939643014.3398697,51.89335742,19.27879028,28.8278523,119
2022-04-30,3331980520.42517,1761507833.57,667140462.756,903332224.09917,52.86669063,20.02233983,27.11096954,119
2022-05-01,3221317944.2084975,1743697674.933,668836626.75,808783642.5254974,54.12994635,20.7628256,25.10722805,119
2022-05-02,3164792862.3831205,1719627519.543,637221419.1575,807943923.6826205,54.33617915,20.13469591,25.52912493,119
2022-05-03,3190298791.4809604,1747686200.508,645592625.752,797019965.2209605,54.78127018,20.23611793,24.98261189,119
2022-05-04,3402381340.710229,1959504869.922,645255630.704,797620840.084229,57.59215895,18.96482393,23.44301712,119
2022-05-05,3328248912.2185817,1840712854.4375,636371925.48,851164132.3010817,55.30574494,19.1203225,25.57393256,119
2022-05-06,3162632900.7289643,1755743470.441,643815123.798,763074306.4899644,55.51524712,20.356935,24.12781788,119
2022-05-07,3094505763.8341007,1720090192.8309999,610577697.36,763837873.6431009,55.58529614,19.73102472,24.68367914,119
2022-05-08,3122525041.523679,1774190591.848,609052790.7275,739281658.9481788,56.81909891,19.50513711,23.67576398,119
2022-05-09,3024060609.1560016,1676379988.5961597,614681515.127,732999105.4328419,55.43473512,20.32636228,24.23890259,119
2022-05-10,2463281326.929829,1380695145.1421993,513636633.235,568949548.5526298,56.05105394,20.85172439,23.09722167,119
2022-05-11,2485407669.1184363,1369795075.7426898,537893739.459,577718853.9167465,55.11349678,21.64207289,23.24443032,119
2022-05-12,2300772849.4372,1327032979.5075002,507344859.4,466395010.5296999,57.67770512,22.05106252,20.27123237,119
2022-05-13,2070896191.010954,1213172441.7377129,440124510.96000004,417599238.313241,58.5820017,21.25285241,20.1651459,119
2022-05-14,2214570911.0856185,1308276091.376,449263142.635,457031677.0746186,59.0758275,20.28669032,20.63748218,119
2022-05-15,2213979576.7569094,1276829936.6407003,453310929.52047944,483838710.5957296,57.67126084,20.47493727,21.85380189,119
2022-05-16,2416673401.744459,1426263863.156,471762068.685,518647469.90345925,59.01765055,19.52113465,21.46121481,119
2022-05-17,2289354529.0763083,1347114215.56,462096272.152,480144041.3643083,58.84253393,20.18456584,20.97290023,119
2022-05-18,2351458774.2193484,1359923048.3685,470727405.1209791,520808320.72986937,57.83316566,20.01852681,22.14830753,120
2022-05-19,2375083971.2713895,1398642099.9520001,476525832.00699997,499916039.3123894,58.88811161,20.06353619,21.0483522,120
2022-05-20,2515664427.1887474,1519465584.8155,468232687.1875,527966155.1857474,60.40016977,18.61268467,20.98714556,120
2022-05-21,2437916123.021018,1463054558.2847085,471362509.348,503499055.38830954,60.01250595,19.33464835,20.65284571,120
2022-05-22,2446873581.8640885,1447836269.1815,469172087.18,529865225.50258857,59.17086522,19.17434929,21.6547855,120
2022-05-23,2618256636.9276066,1560209509.8344998,504478138.679,553568988.4141067,59.58963258,19.26771164,21.14265579,120
2022-05-24,2576505015.1120877,1528403844.0465002,522679422.006,525421749.05958754,59.32081774,20.28637317,20.3928091,120
2022-05-25,2608384778.7321897,1533847326.5974998,519889549.71000004,554647902.4246898,58.80448848,19.9314746,21.26403692,120
2022-05-26,2535705655.4910874,1476268254.2565,495155297.351,564282103.8835874,58.21922789,19.52731762,22.25345448,120
2022-05-27,2455921663.227927,1465158539.3397079,475332612.429,515430511.45921934,59.65819518,19.35455107,20.98725375,120
2022-05-28,2466595431.798469,1452401016.7540002,488513706.1,525680708.94446886,58.88282278,19.80518166,21.31199556,120
2022-05-29,2560653075.8691373,1496564588.9875002,504406038.03,559682448.8516371,58.44464457,19.69833566,21.85701976,120
2022-05-30,2674974243.897529,1586827655.4775,514417210.64,573729377.7800292,59.32123119,19.23073509,21.44803372,120
2022-05-31,2725910263.566039,1582757850.6695,526076043.7175,617076369.179039,58.06346129,19.29909619,22.63744252,120
2022-06-01,2703810050.2327995,1588590746.927,512272410.425,602946892.8807995,58.75378512,18.94631653,22.29989835,121
2022-06-02,2570029275.135641,1503215079.617,510502198.916,556311996.602641,58.49019286,19.86367252,21.64613462,122
2022-06-03,2615146231.9381657,1523313950.817,504020696.0,587811585.1211658,58.2496662,19.27313623,22.47719756,122
2022-06-04,2620651207.17472,1532744517.2295,512702491.43,575204198.5152197,58.48716201,19.56393472,21.94890327,122
2022-06-05,2673494876.4430275,1554442554.47,515074831.6,603977490.3730274,58.14271679,19.26597414,22.59130906,122
2022-06-06,2692578105.3615184,1575400950.7655,517669107.95000005,599508046.6460183,58.50901586,19.2257787,22.26520543,122
2022-06-07,2934921822.7403073,1772948943.5675,531355236.347,630617642.8258072,60.40872809,18.10457888,21.48669303,123
2022-06-08,2650641290.392518,1547222649.695,512334931.901,591083708.7965181,58.37163464,19.32871618,22.29964918,123
2022-06-09,2547057563.3924007,1435351137.4160001,520541637.905,591164788.0714006,56.35330579,20.43697973,23.20971448,123
2022-06-10,2714974530.1340313,1559292689.97,535609747.79849994,620072092.3655313,57.43305039,19.72798425,22.83896536,123
2022-06-11,2792450992.9096007,1623287890.6605,566374009.0799999,602789093.1691008,58.13129379,20.28232583,21.58638038,124
2022-06-12,2705185657.717727,1599396564.8352165,541703286.82,564085806.0625106,59.12335666,20.02462512,20.85201821,124
2022-06-13,2505036819.070947,1465645829.898,534493943.72749996,504897045.4454472,58.5079556,21.33676997,20.15527443,124
2022-06-14,2054254254.2687302,1112766586.611,476093362.3825,465394305.2752301,54.16888315,23.17597062,22.65514623,124
2022-06-15,2019118748.7984219,1110776499.8915,435415720.36,472926528.54692185,55.01293574,21.56464154,23.42242272,124
2022-06-16,2047792492.8936098,1105533105.479,434485097.725,507774289.68960965,53.98657868,21.21724243,24.79617888,124
2022-06-17,2030087619.70824,1116125600.978,433860745.512,480101273.2182401,54.97918366,21.37152807,23.64928827,124
2022-06-18,2038780650.0666342,1099496340.3017955,436136850.94,503147458.8248387,53.92911397,21.39204386,24.67884217,125
2022-06-19,1953472398.8334394,1034826363.9345,426008064.816,492637970.0829394,52.9736875,21.80773402,25.21857849,125
2022-06-20,2056463721.4538472,1066710080.066,463442864.375,526310777.0128472,51.87108671,22.53591248,25.59300082,125
2022-06-21,2092925805.588159,1106234632.8925,456887692.25,529803480.44565916,52.85589341,21.83009503,25.31401156,125
2022-06-22,2121044541.4203384,1105822900.052,436770279.4065,578451361.9618384,52.13576983,20.59222571,27.27200446,125
2022-06-23,2052010348.5869896,1099413439.6908002,421821815.976,530775092.92018944,53.57738281,20.55651504,25.86610215,125
2022-06-24,2196089380.6129985,1154455745.194,450514784.3665,591118851.0524985,52.56870487,20.51441022,26.91688491,125
2022-06-25,2235564739.0019684,1170381713.843,461588843.4325,603594181.7264684,52.35284371,20.64752746,26.99962883,125
2022-06-26,2342624121.6928945,1233390022.664,490993421.9515,618240677.0773945,52.64993266,20.9591209,26.39094643,125
2022-06-27,2206385351.264119,1155645964.7519999,477345939.985,573393446.5271193,52.37734034,21.63474933,25.98791033,125
2022-06-28,2288045370.296,1223891170.435,491401072.476,572753127.385,53.49068626,21.47689372,25.03242002,125
2022-06-29,2260959322.220918,1241385172.3685,459482662.317,560091487.5354183,54.90524134,20.3224648,24.77229387,126
2022-06-30,2202730559.0833774,1194997665.4390001,451946188.822,555786704.8223772,54.25074168,20.51754296,25.23171536,126
2022-07-01,2129333723.2401395,1154826896.9650002,442493415.2905,532013410.98463935,54.23418999,20.78083912,24.98497089,126
2022-07-02,2028239374.3760192,1056571971.9430001,431851762.7235,539815639.7095191,52.09306087,21.29195243,26.6149867,126
2022-07-03,2107356990.5246701,1099838819.522,458038257.485,549479913.51767,52.19043686,21.73520004,26.0743631,126
2022-07-04,2084740744.443848,1067574489.043,470978316.515,546187938.8858479,51.20898087,22.59169721,26.19932192,126
2022-07-05,2295309448.0813484,1221276496.839,483806897.95100003,590226053.2913485,53.2074879,21.07806851,25.71444359,126
2022-07-06,2224901462.4867067,1157903168.7825968,489085309.8,577912983.90411,52.04289665,21.98233576,25.97476759,126
2022-07-07,2336448127.9793806,1236331703.7410002,485142997.0985,614973427.1398804,52.91500757,20.76412445,26.32086798,126
2022-07-08,2616404107.6361604,1445431433.883,519847493.664,651125180.0891604,55.24496119,19.86877685,24.88626196,126
2022-07-09,2420629672.7070494,1299822720.54,498169230.69500005,622637721.4720494,53.69771077,20.58015054,25.72213869,126
2022-07-10,2492529879.680606,1331021382.4507842,508723325.159,652785172.0708218,53.40041832,20.40991883,26.18966286,126
2022-07-11,2411421754.243108,1288956474.6215,502596030.44799995,619869249.1736078,53.45213762,20.84231137,25.70555101,126
2022-07-12,2292328921.7709064,1218807646.5208006,497954357.89199996,575566917.3581059,53.16896868,21.72263994,25.10839138,126
2022-07-13,2325147368.2472887,1263218789.4915,492556163.128,569372415.6277888,54.32854737,21.18386859,24.48758403,126
2022-07-14,2260449747.3653116,1220944706.053,457728908.50600004,581776132.8063116,54.0133532,20.24946182,25.73718498,126
2022-07-15,2401874727.781049,1298770444.8385,503750559.069,599353723.8735487,54.07319665,20.97322368,24.95357967,126
2022-07-16,2517672327.1091294,1357909374.1225,554035254.421,605727698.5656295,53.93511139,22.00585233,24.05903628,126
2022-07-17,2466896435.545956,1315148302.562788,526224497.317,625523635.6661682,53.3118571,21.33143855,25.35670435,126
2022-07-18,2425927502.09237,1305157209.8595,510526943.95350003,610243348.2793701,53.80033858,21.04460844,25.15505297,126
2022-07-19,2560865442.445083,1349843935.4942758,550460279.475,660561227.4758073,52.71045925,21.49508796,25.79445279,126
2022-07-20,2709985916.0566497,1489366958.9775,553471149.776,667147807.3031497,54.95847599,20.4233958,24.61812821,126
2022-07-21,2546164898.8670077,1377073521.2625,538600613.7750001,630490763.8295076,54.08422376,21.1534066,24.76236964,126
2022-07-22,2633990561.2936,1420479903.9705,555722786.6800001,657787870.6431,53.92881527,21.09813129,24.97305345,127
2022-07-23,2588690604.485219,1388321318.275,565030045.3280001,635339240.8822188,53.63025291,21.82686662,24.54288047,127
2022-07-24,2569414350.120068,1365299618.527,558190494.306,645924237.2870681,53.13660751,21.72442503,25.13896746,127
2022-07-25,2614447068.762786,1378814947.0035,587025849.284,648606272.4752859,52.73830033,22.45315487,24.80854481,127
2022-07-26,2412324756.86332,1293469728.3485,530511716.6,588343311.9148198,53.61922041,21.99172044,24.38905915,127
2022-07-27,2496132628.5208573,1322757753.973,563069645.3495,610305229.1983573,52.9922865,22.55768139,24.45003211,127
2022-07-28,2765732421.1971483,1420761893.2189999,656261055.286,688709472.6921484,51.37018615,23.72829165,24.90152219,127
2022-07-29,2711565855.055821,1378513201.426,625626997.22,707425656.4098208,50.83827114,23.0725356,26.08919326,127
2022-07-30,2729082272.4281673,1424367823.2995,610475173.398,694239275.7306674,52.19219067,22.3692477,25.43856163,127
2022-07-31,2712902900.957474,1399025617.9605,604267993.2925,709609289.7044742,51.56932146,22.2738526,26.15682594,127
2022-08-01,2695654968.777415,1373076294.419,624486184.776,698092489.5824149,50.93664843,23.16639896,25.8969526,127
2022-08-02,2722507524.365977,1398413676.678,607462522.5699999,716631325.1179769,51.36491503,22.31261134,26.32247363,127
2022-08-03,2610837764.7073984,1338084968.856,581775039.5625,690977756.2888985,51.25117259,22.28307892,26.46574849,127
2022-08-04,2726897971.7968287,1405943278.62,604704518.7650001,716250174.4118288,51.5583382,22.17554617,26.26611563,127
2022-08-05,2718437705.1152763,1362398835.1175,631618467.9300001,724420402.0677762,50.11697831,23.23461254,26.64840915,127
2022-08-06,2749275029.101938,1325479673.604,653065589.6655,770729765.8324376,48.21197078,23.75410182,28.03392741,130
2022-08-07,2809024048.0687594,1375920070.575,658224020.7179999,774879956.7757595,48.98213924,23.4324808,27.58537996,130
2022-08-08,2825404429.126947,1385812672.921,642935182.827,796656573.3789469,49.04829406,22.75550984,28.1961961,130
2022-08-09,2997030856.11697,1498293663.9475,683996412.02,814740780.1494701,49.99260054,22.82246813,27.18493133,130
2022-08-10,3033012547.039411,1560460454.625,681568667.4749999,790983424.9394112,51.4491922,22.47167319,26.07913461,130
2022-08-11,2944019223.443817,1398709896.4060001,728583264.605,816726062.432817,47.51021614,24.74791125,27.7418726,130
2022-08-12,3033913772.5603056,1450857952.209,762575053.2179999,820480767.1333055,47.82133116,25.13502724,27.0436416,130
2022-08-13,3113500355.21143,1473080386.5375001,788444917.9100001,851975050.7639298,47.31267765,25.3234247,27.36389766,130
2022-08-14,3194038397.581522,1536397214.336,795773738.2049999,861867445.0405221,48.10202706,24.91434476,26.98362818,130
2022-08-15,3179396240.501029,1552686451.8265,766374072.22,860335716.454529,48.83589004,24.10439009,27.05971988,130
2022-08-16,3144123151.5644326,1537348251.7010002,754793325.566,851981574.2974324,48.89592989,24.00648095,27.09758916,130
2022-08-17,3202583099.31663,1559308074.724,773115292.9384999,870159731.65413,48.68907461,24.14036635,27.17055904,130
2022-08-18,3249802518.129822,1662960771.4450002,776478116.8634818,810363629.8213398,51.17113308,23.8930862,24.93578072,131
2022-08-19,3230415107.6832995,1669354636.372,783324212.7945,777736258.5167996,51.67616485,24.2484073,24.07542785,131
2022-08-20,2766756338.777024,1446452264.7280002,636784161.719,683519912.3300236,52.27971269,23.01554903,24.70473828,131
2022-08-21,2750885091.9430895,1440481500.4359999,632506653.2685,677896938.2385896,52.36429194,22.99284165,24.64286641,131
2022-08-22,2813869320.5268054,1452144049.9977849,660045650.8985001,701679619.6305205,51.60666273,23.45686937,24.93646789,131
2022-08-23,2850589884.1696463,1449309540.539,686088228.2715,715192115.3591462,50.84244312,24.06828959,25.08926729,131
2022-08-24,2954760781.7032695,1482840552.9635,730695042.7095,741225186.0302695,50.18479202,24.72941455,25.08579343,131
2022-08-25,2941628637.3438783,1491527306.258,726266074.885,723835256.2008784,50.70413333,24.6892509,24.60661577,131
2022-08-26,2964844495.379379,1475718321.8995,763308889.6455,725817283.834379,49.77388609,25.7453263,24.48078761,131
2022-08-27,2764245390.2437305,1453904444.049,676713515.0419999,633627431.1527306,52.59679366,24.48094939,22.92225695,132
2022-08-28,2799993931.941006,1481302837.23,673146862.689985,645544232.0210211,52.90378741,24.04101148,23.05520111,132
2022-08-29,2766626243.1864686,1470215140.444,674361631.156,622049471.5864686,53.14108272,24.37487293,22.48404435,132
2022-08-30,2878710206.1440287,1497157618.1285,717405464.1135,664147123.9020287,52.00793101,24.92107273,23.07099626,132
2022-08-31,2766509846.913789,1461459959.8274999,676194157.072,628855730.0142889,52.82684829,24.44213809,22.73101362,132
